{
  "model_name": "ridge_regression",
  "metrics": {
    "mae": 0.00040207662496215615,
    "rmse": 0.0007097280231970835,
    "mse": 5.0371386691124e-07,
    "r2": 0.9999999974217358,
    "median_ae": 0.00022683519059896184,
    "mape": 6.375586683475356e-06,
    "mean_residual": -6.811982435559818e-15,
    "std_residual": 0.0007097280231970835,
    "max_error": 0.01531751327500075,
    "q95_error": 0.00125844383128566,
    "explained_variance": 0.9999999974217358
  },
  "n_samples": 15400,
  "evaluation_timestamp": "2025-06-08T18:07:51.484650"
}